chord,x,y,z,color
A,-2.7523406,-11.2913265,-5.6590247,3.469342
A#,-17.478218,4.736547,-24.40628,-11.551409
A#/C#,-30.852917,10.823704,-20.190527,-16.583385
A#2,-12.668933,3.8582141,15.394183,-10.838495
A#5,-22.918392,23.993595,8.448099,-9.518262
A#7,-7.4873,-0.8313258,0.9565918,2.3659697
A#dim,20.26064,-5.2757297,-18.624613,8.9309845
A#dim7,-18.969465,-19.314777,5.87768,-11.600071
A#m,-38.26332,-8.844247,1.089728,-14.993323
A#m/C#,-24.648413,27.490479,-5.036387,-17.00792
A#m7,-18.681438,16.760807,16.775717,-14.416434
A#m7b5,-14.499704,5.1964264,10.930538,-10.777785
A#m9,-18.7333,10.816403,4.140943,-11.557345
A#maj7,-30.250633,22.849382,-7.150855,-13.005777
A#sus4,-33.181137,14.5121565,2.1041048,-15.495752
A(5),-14.350793,5.6636024,2.882521,-11.665634
A(7),-40.56697,5.1531677,-7.525833,-15.2780485
A(9),-41.13609,-12.2223625,4.9703,-15.718446
A(b9),-14.743134,16.77883,5.7877293,-10.15441
A(maj9),-18.041533,7.5523095,-16.811594,-12.647635
A+,-20.938196,-5.8146086,-7.6848235,-11.814755
A/B,8.047947,20.420828,-6.1460357,1.0776778
A/Bb,-25.447859,9.653936,-15.169926,-15.548884
A/C#,4.4402666,-14.258374,-7.907631,4.8866224
A/D,10.638137,10.209816,10.52377,6.18674
A/E,0.7373809,-1.4848825,4.866366,3.104735
A/F,-13.509134,7.0142355,-18.307344,-12.2677765
A/F#,-23.571648,2.611313,-9.303189,-12.7902975
A/G,-17.06356,-9.442855,1.474315,-10.510931
A/G#,-2.4875174,-8.286866,-2.0920491,3.2629073
A11,-15.541667,9.568446,-6.523697,-13.036297
A13,8.723486,21.316334,-11.569095,1.8049982
A13b5,-8.214416,0.8424104,-18.85683,-11.470987
A2,-4.499978,12.121822,-2.3323157,0.27636412
A4,18.108181,-13.546499,17.623388,10.862217
A5,1.700413,-19.069897,16.108732,4.405406
A6,4.367601,-23.124557,6.854175,4.866315
A6/B,-34.80324,17.50743,-2.2712262,-15.472638
A6/C#,-37.85663,5.7087016,18.464777,-13.6473465
A6/E,-29.622274,0.3115612,-5.6462083,-13.67046
A7,4.7199593,-23.228865,2.6188328,8.736359
A7#5,-14.591657,5.064825,7.9305463,-11.066628
A7(b9),-34.00339,2.5562987,11.5307865,-13.756689
A7-9/E,38.411957,-10.208013,-7.9600163,12.054036
A7/C#,-31.106052,-2.4522824,-18.067593,-14.422551
A7/D,-37.62936,-4.0623126,-4.8425074,-14.4930725
A7/E,-26.400537,-7.1541896,-19.260424,-14.336624
A7/G,3.582873,-5.951364,0.42037916,5.4097915
A7add11,-19.503666,11.734085,-12.305806,-12.862543
A7add13,-20.319092,11.13244,-19.94835,-16.363304
A7add6,-19.010618,6.771524,-0.96008223,-12.2316265
A7b13,25.64134,-3.6610382,4.920357,11.986044
A7b5,-18.825005,-4.0259714,9.396607,-11.278949
A7b9,-31.61909,-14.38386,-8.669159,-13.740233
A7sus,-13.894215,-11.053294,-5.426175,-9.829771
A7sus2,9.67287,6.9718823,-23.608288,6.069655
A7sus2/E,-25.779263,-1.583913,-8.865922,-12.828956
A7sus4,10.480614,-15.700319,-18.273088,8.301664
A7sus4/E,-14.275271,4.5953064,0.15394543,-12.0013075
A9,2.5503688,1.0972385,11.547991,5.5917196
A9/C#,-29.271915,-3.0340457,3.4213133,-13.5550165
A9sus4,-27.462559,-14.724108,-4.277198,-12.964342
AM,-38.778526,-15.1190195,-0.28865167,-14.653033
AM7,10.793885,-17.313925,-5.10198,8.503027
Aadd#11,-12.471942,11.3952875,3.781333,-10.8150625
Aadd11,2.9976175,-7.569445,-11.601257,5.2592483
Aadd2/B,-5.4160085,-0.8123921,18.649498,-7.8300734
Aadd4,-7.494516,-8.932925,-11.884717,-3.2060666
Aadd4/C#,-11.65303,15.104239,15.109669,-10.089713
Aadd9,3.7872958,17.086094,8.755158,0.90424246
Aadd9/B,-14.6878805,9.790177,27.336378,-10.969013
Aadd9/C#,-18.774883,4.1068764,12.746358,-10.7984295
Aadd9/E,-28.179659,-19.077518,3.8183107,-13.427255
Aadd9/F#,-32.251045,12.992102,9.500164,-14.192265
Aaug,3.9556177,-25.394316,7.8055763,4.8361325
Aaug/Eb,38.087032,-13.762745,0.95048636,12.656514
Ab,36.94339,16.169611,13.705216,15.902275
Ab(b5),-39.734154,-7.225827,12.1028185,-15.57069
Ab/Bb,47.090733,2.0362272,5.2616434,14.836214
Ab/C,-27.244831,-3.08128,0.6906236,-13.32812
Ab/Eb,-19.01362,-9.402201,5.866417,-10.537484
Ab/G,-10.25686,6.009258,14.216738,-10.320687
Ab/Gb,-44.822815,-1.2826718,1.1368679,-16.136007
Ab11/Db,-5.895163,-12.407045,22.271788,-6.3041725
Ab13,43.327244,12.227906,-1.4893544,14.745036
Ab4,-34.17961,4.415044,5.3778706,-13.653759
Ab5,-16.287868,11.933103,-0.24727738,-11.038288
Ab6,-41.874256,7.3009286,9.969338,-14.476873
Ab6/Bb,-36.22017,-0.682627,-6.2115426,-14.185018
Ab7,41.292557,9.834171,11.233083,15.4342
Ab7#11,-33.838142,-13.83043,-11.186521,-13.838228
Ab7/C,-41.87594,1.7839423,2.5526378,-14.311506
Ab7sus4,42.69288,9.3815365,5.0933585,14.928683
Ab9,-33.926346,3.0144856,-7.9316454,-14.35288
AbM7,25.471764,0.13695782,5.8141036,13.111112
AbMaj7,-42.06553,11.951028,0.12287824,-13.038463
Abadd9,15.088952,-18.035484,5.6663594,8.668423
Abaug,-38.428074,7.8256025,-9.929969,-15.192976
Abdim,-20.977436,-2.5096254,15.580746,-10.050135
Abdim7,23.695757,0.81623113,14.150722,12.383434
Abm,34.93627,3.2355118,13.006093,15.167691
Abm6,-20.550913,10.251039,-4.402393,-12.710911
Abm7,-31.187908,-20.182413,-7.9232144,-9.248697
Abm7b5,-11.62379,8.6329975,9.427556,-10.315503
Abm9,-32.331997,0.096104845,-1.4573122,-13.723251
Abmaj13,43.97621,5.27565,-1.8764045,14.293522
Abmaj7,39.700153,-6.009999,16.598183,14.052161
Abmaj7/Bb,38.2718,-6.633192,8.364723,13.309806
Abmaj7/Eb,36.040325,8.174025,4.879267,14.7347145
Abmaj9,39.51597,0.015672723,2.3802288,13.871653
Absus,-25.913307,15.469738,-20.714949,-16.588997
Absus4,-19.21759,-14.860363,-4.9697766,-11.97536
Adim,26.035114,5.865299,6.130479,14.182321
Adim/C,-16.999962,17.24026,-16.637403,-13.14118
Adim7,28.213995,13.786025,-6.7778215,12.844349
Adim7/Bb,-22.6139,4.389359,-12.589976,-12.422117
Am,18.213894,-19.599564,4.9775844,9.060953
Am(7),-36.803505,11.319267,5.660077,-13.358663
Am/B,9.1584835,-4.2898645,-9.241594,7.83538
Am/C,7.3329954,-17.534641,19.273346,4.5761986
Am/D,40.858513,-2.3234522,-15.35472,12.825675
Am/E,2.954294,-12.551002,2.8971446,3.6677802
Am/F,32.1281,-13.249911,-8.04831,11.639148
Am/F#,2.237589,3.4764116,-18.086432,6.805886
Am/G,31.609125,-18.158476,-0.2062979,11.694841
Am/G#,17.028301,-9.655465,0.56810135,8.073936
Am11,17.754513,8.893273,-1.3564026,7.4362645
Am11/G,-10.435148,21.774227,-15.394435,-8.028844
Am6,35.542133,-0.6174651,-10.928983,12.0501795
Am7,30.343077,2.7713962,-20.256428,11.593199
Am7-5,-31.925648,-5.72419,10.042832,-12.869289
Am7/B,-27.979752,7.5262904,1.6922005,-13.676559
Am7/C,-36.798492,2.89161,7.2255063,-13.668994
Am7/Cb,-36.04853,2.9180875,-4.7440486,-14.209031
Am7/D,27.557114,-5.4244227,-12.296379,10.944876
Am7/E,-29.866846,-9.659893,0.66882664,-15.286954
Am7/G,28.994131,-15.079692,0.39590612,11.579689
Am7add11,15.664789,0.3906533,-0.9316717,7.3412743
Am7b5,27.730385,12.96482,-3.9600337,13.021165
Am7b5/Eb,-29.725107,11.888102,-11.154103,-14.169137
Am9,-33.990925,-1.6696022,-10.646402,-13.870237
AmM7,-31.754503,24.44016,4.817147,-9.866544
AmMaj7,-16.95272,15.112074,-12.025752,-12.874832
Amadd9,8.858628,10.758858,16.394445,5.872691
Amadd9/B,12.732159,-12.322263,-4.0600905,8.1349325
Amaj,-7.800826,-23.469845,9.164549,-4.8555555
Amaj7,10.556917,20.124481,0.76069766,1.1606628
Amaj7/B,-24.33296,4.309382,-7.935694,-12.906258
Amaj9,12.186002,17.9574,-8.547914,1.4817483
Amaj9b5,1.1119629,29.473795,0.52309823,-1.1357834
Ammaj7,18.148993,-5.8785253,-6.4135537,8.668019
Ammaj9,-8.362133,5.33192,19.764648,-9.045861
Asus,1.3124608,-10.094781,-15.022143,4.7941904
Asus/C#,-19.011562,14.098961,-4.5435805,-12.930793
Asus2,-1.7562568,-26.143711,0.50352633,-2.0465915
Asus2/B,-31.477854,-16.949854,9.62083,-13.583159
Asus2/C,6.8831606,8.027793,0.6180134,1.5018147
Asus2/C#,-14.65269,23.43368,-13.643546,-8.714084
Asus2/D,-14.349779,3.6446571,-14.008356,-12.20328
Asus2/E,-3.431153,-31.154705,-1.2003591,-2.1057732
Asus2/F,-14.321242,3.8531964,17.718369,-11.025331
Asus2/F#,-3.1682098,-28.918598,-0.546359,-2.0564919
Asus2/G,-5.565362,-28.022474,-0.13485432,-2.0311267
Asus4,-3.094089,-14.990616,-10.747883,3.521477
Asus4/Bb,-1.4050401,-3.5155504,28.228344,-4.348346
Asus4/E,-17.595766,-0.9671236,1.9230047,-11.107761
Asus4/F#,21.33798,1.4704115,-1.4561166,8.723933
Asus4/G,-21.51842,8.176109,11.6241455,-11.765687
Asus7,-14.359996,-9.191731,-7.521498,-9.808235
B,-3.6016042,7.5946565,10.7265005,-0.056671117
B#5,-14.252756,9.854456,-11.910083,-12.680161
B#m7,-8.054288,-3.942106,3.067786,2.871446
B(b5)/F,2.8312078,18.505093,-2.5974092,0.55587983
B(b9),-41.83326,4.3456006,3.1966593,-14.165249
B(sus4),-21.12609,22.299952,-5.1532154,-12.39882
B(ะก)/D,-11.016059,-0.64023757,8.709791,-10.987074
B+,-18.727,-12.3392315,8.760586,-11.461647
B-5,-21.031355,-9.990081,-16.155537,-11.601501
B/A,-24.208132,5.18184,6.4817095,-11.755289
B/Bb,0.28983757,18.15712,-0.46725044,0.36614653
B/C#,-6.027698,-3.741541,20.559946,-7.8974
B/D#,-1.0446404,3.9827592,-3.499961,1.1094018
B/E,-0.5085364,-3.7610056,1.6220497,3.02535
B/Eb,-32.831715,0.0075751552,5.9994707,-13.647489
B/F,-0.3842287,11.325651,0.79533094,0.5178248
B/F#,-4.689615,4.7970986,0.1697189,0.38338864
B/G,-13.651957,-6.393963,4.381257,-10.34569
B11,-12.948378,-13.652422,-15.835742,-12.255341
B11/F#,-21.016153,-0.10043977,-23.554949,-15.563771
B13,-20.786285,-10.160991,-7.3237767,-11.779954
B2,-14.736386,3.4167242,-2.8218846,-12.259034
B5,0.69152224,-20.785776,19.40778,4.291005
B5/A,-32.85042,7.7442756,-6.7779393,-14.940921
B5/C,-33.35003,6.101398,-0.922632,-14.087362
B5/F#,-38.27934,-0.3582739,-8.986674,-14.318046
B6,-25.715654,-15.706165,3.0159934,-13.04294
B6(#9),-21.234344,16.882236,14.497433,-13.639149
B7,5.498894,6.957255,-10.829359,2.1408553
B7#5,-10.49743,-8.004291,-21.278505,-10.546838
B7#9,22.05453,-4.0598536,-17.507627,9.577112
B7(b13),-34.37542,-12.783573,-1.6994146,-14.695428
B7(sus),-10.804058,9.355571,-11.64487,-12.452792
B7+,-36.514282,-10.590125,-1.5883591,-14.665834
B7+5,21.54712,5.1225166,-16.774364,9.580485
B7-5,-21.126963,2.6714854,-1.5473611,-12.932381
B7/D#,19.441353,2.2926688,-5.954852,8.114905
B7/E,-34.974472,-15.49204,6.281375,-14.355157
B7/F#,-22.246822,-3.0169039,24.053205,-16.94304
B7b9,-41.452553,7.749659,-18.442038,-16.26868
B7sus,11.210381,-3.8621595,2.4842703,6.848771
B7sus2,-8.202291,-8.785927,5.847911,3.287017
B7sus4,9.413684,10.6375265,-25.30885,5.7020288
B9,-0.10859025,18.770578,-11.671942,0.9538121
B9-5,-13.300511,11.017594,-18.892487,-12.319396
B9/C,-25.232922,3.9304316,11.382203,-11.983559
B9sus,-35.65922,-4.5071793,-12.026224,-15.269357
B9sus4,-28.223629,-9.97892,-13.885696,-14.541084
BM7,-17.756514,-15.454107,-8.521152,-11.611066
Badd11,5.642036,13.601478,5.1180673,0.943055
Badd11/A,-31.368717,13.43881,20.34072,-16.90572
Badd4/E,-35.575825,-7.8597713,-15.264841,-15.669219
Badd9,-19.90281,-1.8981323,-6.8893847,-11.947199
Baug,29.769783,-2.8508956,-1.7325212,11.70401
Bb,23.213322,10.216046,13.134588,16.48275
Bb-5,-16.725437,10.754229,9.481064,-10.368094
Bb/A,22.154816,7.0479693,21.24303,13.193951
Bb/Ab,-18.349722,0.9403922,-23.935753,-11.417001
Bb/C,37.71827,-16.968912,0.32410493,12.567784
Bb/D,38.3881,-6.9001865,18.635178,13.97304
Bb/Eb,-28.666634,-17.240252,8.3442955,-13.165908
Bb/F,34.354614,-7.834746,0.109308936,12.636445
Bb13,-36.184097,12.901355,11.3370695,-14.307768
Bb2,-19.396185,-5.3057394,-10.655094,-11.995973
Bb5,4.77594,-5.6908283,-28.139027,4.3561444
Bb6,33.957027,-11.639943,6.89682,12.580984
Bb6/D,-11.106055,0.855639,6.615524,-10.921648
Bb7,41.206,4.230748,-8.479652,13.747533
Bb7#5,6.7023773,28.64021,-6.3050175,14.954348
Bb7#9,27.568514,1.878862,8.097294,14.62362
Bb7(b13),-26.301743,-14.021804,-9.507078,-11.810408
Bb7(b5),-13.596422,22.36553,-1.3206002,-9.310088
Bb7-9,-15.027613,-4.454928,-17.17857,-12.779
Bb9,37.866787,5.6064916,-12.208933,13.090696
Bb9/F,-20.881622,-8.426841,-1.2546645,-10.760281
Bb9b5,-27.805462,11.047837,-6.9044123,-13.910858
Bb9sus4,-27.088339,12.188727,-0.34153518,-13.294988
BbM7,-26.046526,1.2412205,-25.225027,-16.107552
Bbadd#11,-24.437874,10.123791,16.66059,-12.733356
Bbadd2,-11.101414,7.4375215,-24.429146,-12.040352
Bbadd9,-12.019565,25.839657,-7.50889,-8.759771
Bbadd9/D,-33.481697,15.653702,-18.896444,-16.409695
Bbaug,1.6652051,-13.871386,-6.4290514,4.984478
Bbdim,4.1187563,2.1712036,6.5217795,5.93276
Bbdim7,-6.07746,-13.035462,4.0227256,3.3144412
Bbm,37.124493,13.896187,11.998341,15.821646
Bbm/Ab,-16.571259,-9.69713,-23.234934,-13.76907
Bbm/Db,-11.996679,4.303732,-6.367807,-12.626619
Bbm6,34.300804,-4.8655186,-16.018019,13.668111
Bbm6/Db,-32.157005,-9.311463,17.424828,-11.521104
Bbm7,47.16788,9.07054,9.551176,15.350943
Bbm7/Ab,-32.286186,-6.452999,4.9240026,-14.193913
Bbm7/Db,-24.312025,-6.936681,-7.8100214,-14.37783
Bbm7/Eb,42.214184,2.723466,9.668949,15.0207615
Bbm7b5,43.587387,0.7557702,0.4374927,14.1121025
Bbm9,42.844833,11.268202,8.333304,15.219917
Bbmadd9,-32.358856,-19.645926,-0.18652628,-13.708375
Bbmaj7,37.273537,-11.186893,8.817794,13.017594
Bbmaj7/F,31.394403,-24.955158,-0.959881,9.75625
Bbmaj9,13.011155,-6.162645,7.2844815,6.8832245
Bbmb5,-36.14414,-3.7453697,10.427174,-14.8865
Bbmmaj9,-23.945175,-17.907219,-14.1822195,-10.780492
Bbsus,-31.773375,-5.1827517,21.18657,-14.722265
Bbsus2,8.560451,-17.784351,4.1548223,7.9850945
Bbsus2/F,-31.667164,-4.525271,-6.4702435,-14.625193
Bbsus4,11.87251,12.860708,-21.464512,6.864153
Bdim,27.962374,-12.902571,-2.9645166,11.091448
Bdim7,37.037674,-11.448847,-4.5745907,12.617242
Bm,-7.161503,-16.153315,-6.039349,3.4072185
Bm/A,-6.32919,-18.961933,0.061547227,3.8370333
Bm/Ab,-20.943552,0.50547194,11.577491,-11.171137
Bm/Bb,-21.043201,8.728782,-1.1990124,-12.572539
Bm/D,11.686255,0.5558879,-13.162199,7.7261
Bm/E,-19.0122,3.3144581,-6.818282,-12.441506
Bm/F#,11.8229,-0.4637736,11.375844,6.30032
Bm/G,10.902756,1.9347525,7.6166124,6.3323803
Bm/G#,-5.6743727,-14.646654,-4.051891,3.3939948
Bm11,0.18428214,-0.51296514,28.79072,-4.252993
Bm11/E,14.555498,0.19647264,-7.869755,8.148783
Bm6,-13.868896,-20.838171,-5.167985,-11.882394
Bm7,12.197121,11.185387,-8.062983,2.0095625
Bm7#5,-18.842407,-18.401247,15.786415,-10.349681
Bm7-5,-1.5147843,-13.743765,5.142501,3.4608378
Bm7/A,-4.678584,-1.5136452,9.28507,2.5191987
Bm7/E,3.6347685,-7.277521,10.86295,5.4002914
Bm7/F#,-14.818305,12.09567,-12.153949,-12.568281
Bm7add11,-8.538493,-14.72308,5.2056217,-2.7192152
Bm7b5,26.09917,-9.619314,6.3654785,12.228872
Bm9,-14.141233,-7.510998,-19.992664,-12.97281
Bm9/D,14.160232,18.051327,13.858755,8.098819
BmMaj7,-37.726326,19.274525,2.3938806,-15.676527
Bmadd11,-29.469036,-2.9109006,19.69588,-13.914964
Bmadd11/A,16.566902,-9.17089,-9.850635,8.591844
Bmadd11/F#,-33.805927,-20.263622,10.110125,-13.70522
Bmadd11/G#,8.818831,-7.039212,4.9809294,6.8060565
Bmadd4,-38.341858,9.712784,-18.22329,-16.34532
Bmadd9,-12.259889,13.353356,-2.8759112,-9.715604
Bmaj7,2.9648223,26.606277,-3.9511251,-0.874935
Bsus,-8.44536,-5.5863786,-3.2926157,2.6772778
Bsus/F#,-1.8443784,7.7616286,-3.9231708,0.7492098
Bsus2,6.024313,24.604662,0.23098107,-0.36658552
Bsus2/F#,-7.8633924,22.919333,3.1678174,-8.16235
Bsus4,2.370882,15.988607,14.843773,1.0421164
Bsus4/F#,-39.579212,-10.514697,12.572963,-15.845701
C,17.012827,-15.765881,10.331966,8.907134
C#,-4.965833,5.9810467,7.5770574,0.002462822
C#+,17.72654,21.077347,-1.959676,2.0658433
C#/B,-31.681616,4.721957,6.125131,-13.642588
C#/D,-48.82254,2.3109348,11.54091,-18.635952
C#/E#,0.6010949,-2.435963,-0.44994873,3.0626855
C#/F,-1.4215415,0.7505738,-9.356172,3.6144912
C#/G#,-5.81259,15.672928,5.24405,-0.14149803
C#13,6.8998528,8.124139,25.348528,8.241021
C#4/E,-15.948466,27.487799,2.8324907,-9.209211
C#5,1.0735372,-24.844883,15.123987,4.1564393
C#5/E,-13.799782,20.73177,8.221378,-9.64779
C#7,-2.7414584,18.591515,-10.339477,0.74913347
C#7(sus),-33.9429,7.9853373,-12.645513,-14.706353
C#7+5,-17.26529,2.3399644,22.406416,-12.054392
C#7/E#,-2.60752,0.17464377,-1.9100299,2.6998205
C#7/F,7.593906,16.479176,1.5952156,1.5219086
C#7b9,-35.41707,-10.472271,2.4428332,-15.140763
C#7sus4,-37.27277,-2.3015313,-0.33020467,-14.532841
C#9,14.936652,25.511871,4.577905,1.9381768
C#9#5,-24.92149,-4.1553392,0.7283026,-13.162942
C#9sus4,-26.391008,-7.600711,4.57485,-13.468538
C#M,-21.847795,-0.675341,-1.4896365,-13.207119
C#M7,1.9402437,15.346808,18.590515,1.777503
C#aug,1.7397687,32.092735,-0.71052366,-1.2191563
C#dim,8.60395,0.8474878,14.181623,6.0653706
C#dim/B,-23.296495,-1.4948734,-14.22699,-13.448847
C#dim/G,-6.7529635,-9.776526,-2.9167483,3.0640595
C#dim7,12.691636,2.6050577,-3.8968909,7.206043
C#m,-9.224047,-2.445923,-3.6576867,2.3160071
C#m/B,1.2365308,7.9195485,0.6665917,0.76882344
C#m/G#,-3.7750015,-4.770268,4.781384,3.0928898
C#m6,-27.50007,-0.38535243,0.45680746,-13.437468
C#m7,8.668144,15.762065,6.507333,1.0332164
C#m7-5,-32.91055,3.0503628,0.212456,-13.998401
C#m7-5/G,-27.735632,6.5895877,-13.507913,-14.840595
C#m7/B,-14.722132,-0.6296254,-5.6055393,-11.853311
C#m7/E,-22.70096,-4.8858542,-27.271645,-13.295509
C#m7/F#,-8.661864,12.845494,18.257141,-10.389201
C#m7b5,22.482578,-9.346932,22.229776,9.956119
C#m9,-2.022777,20.905327,-0.24700204,-0.67757076
C#madd9,-15.190189,7.0416894,18.757423,-10.825824
C#maj7,-1.4648483,22.091017,9.546869,-1.0494568
C#sus/G#,-26.318102,17.487543,-7.8477015,-13.687914
C#sus2,-35.835915,-0.90306723,-20.37213,-14.730688
C#sus4,0.052837383,4.33775,2.7535112,0.6001457
C#sus4/F#,-1.406627,-0.35033867,-11.790369,3.8669271
C(7),-27.910372,8.042346,-3.889406,-13.300316
C(Bb)/A,-30.279732,10.079277,2.1794431,-12.83539
C(maj7),-27.521303,1.6068451,14.898638,-11.527452
C+,-14.3216915,-12.914616,9.056386,-9.466948
C+/G#,-19.843317,-9.039399,13.496987,-11.71727
C+9,-10.129315,-0.076459475,-10.986448,-12.27117
C-,-15.398701,-19.513102,2.8467782,-9.478404
C/A,18.973074,10.853943,1.303478,7.1836166
C/B,19.971205,-23.099188,-1.955665,9.46999
C/Bb,29.788744,-19.140453,-14.724033,10.857568
C/C#,12.41937,2.5712152,13.75062,6.2326894
C/D,15.437136,3.8058562,-8.483193,8.486891
C/E,29.477856,-11.004518,-9.475662,11.524414
C/F,20.922777,-22.412474,-10.793419,10.109913
C/F#,-21.465887,10.325576,25.522171,-12.519861
C/G,24.115547,-23.21143,-10.708218,10.330361
C13,-14.324945,-9.495779,21.446182,-13.774163
C2,19.530682,-15.093952,-17.223026,9.997338
C2/B,-29.00308,12.739943,18.504206,-16.889673
C2/E,25.599154,-6.595308,-6.361191,10.71395
C3/E,5.8301063,-16.667084,15.858241,4.5896435
C4,-21.620882,-4.818544,-12.723368,-13.042936
C5,5.166504,-26.356628,17.221478,4.2817593
C6,31.256584,-17.526232,5.7484837,11.681576
C6/9,16.39787,5.6355357,-2.7539675,7.338625
C6/G,29.648687,-4.7913594,-9.068006,11.447788
C6add9,3.5677967,-5.1381197,-13.599942,5.3681717
C6add9/E,-41.77508,-3.5925586,-14.359168,-15.875344
C7,32.629425,-2.32044,11.313081,13.436339
C7#5,21.093834,-0.9729592,3.0355475,7.4890604
C7(b9),20.990969,4.8150134,1.9852923,7.846249
C7(sus2),-24.538618,-22.500998,-2.2803924,-15.640729
C7+9,5.0621104,-8.443845,-8.13987,5.543676
C7-9,-34.806572,4.3930655,13.682794,-13.749642
C7/Bb,-31.473034,-7.426719,8.430706,-12.900751
C7/E,22.643042,-4.5112295,5.1472898,11.424637
C7/G,-25.932981,-3.69954,-3.4721274,-13.38466
C7b9,-41.505592,-6.380944,3.0811892,-15.134193
C7sus,-15.833403,14.764269,7.5043,-10.131883
C7sus2,42.98175,-0.39711386,-2.731648,13.836554
C7sus4,27.303778,-3.4067607,8.884506,12.384077
C9,42.245754,-10.942618,5.226888,13.027884
C9/Bb,-39.47063,8.069602,-1.603465,-14.626707
C9b5,-11.78081,24.893194,-9.550447,-8.650974
C9sus4,-43.720333,8.430372,-4.4017572,-15.143659
C9sus4/G,-7.65843,11.7988615,-13.750683,-10.621801
CM7,23.135256,0.11604628,-9.766944,10.246796
CM7/B,-22.166895,-12.78471,-12.377841,-11.677009
CMaj7,-20.84912,-9.47333,18.71667,-11.4432335
Cadd#11,19.956594,-5.386413,1.5463185,7.5203886
Cadd2,13.154698,-19.844604,-10.501087,8.763548
Cadd2/E,-31.263777,0.93444014,19.313326,-13.807117
Cadd4,13.605569,8.0303335,1.7226702,7.2566156
Cadd9,13.381641,-19.470884,-16.640617,8.429366
Cadd9/E,6.0113955,-9.110323,0.8885722,6.948712
Cadd9/F#,-30.920492,-10.609267,7.1520743,-14.970492
Cadd9/G,8.878936,-22.824553,12.26418,4.6416116
Caug,17.797924,-2.3602073,5.4762073,7.1381893
Caug/E,18.749495,1.016597,5.6733637,7.116187
Cb,-28.564226,-1.9759932,10.683601,-12.200478
Cb/Gb,-9.498739,-1.8111123,-13.857038,-11.776566
Cb7,-7.7354326,-0.47013506,-20.955591,-11.374458
Cbmaj7,32.28799,1.1011723,8.883654,14.029428
Cdim,3.407669,5.647449,-1.916089,1.040147
Cdim/Gb,15.927608,-13.571498,-7.670044,8.799573
Cdim7,1.9076886,14.699382,-7.8649974,0.90206444
Cm,29.04708,5.204897,11.784392,16.030502
Cm(maj7),-28.66863,-4.919984,-11.8858795,-14.650105
Cm/A,0.5531301,11.434976,-29.235249,-3.9044006
Cm/A#,-38.58774,-13.369855,-5.7800965,-15.338247
Cm/Ab,-28.491882,9.225723,13.087121,-12.962148
Cm/B,25.260668,12.070405,2.741172,13.569812
Cm/Bb,28.052538,14.886007,-1.4440031,13.200446
Cm/D,-23.31285,24.013746,-6.1920867,-13.227329
Cm/D#,-26.592688,-2.6871343,22.506687,-13.95215
Cm/Eb,8.592725,-1.0931875,-4.111965,6.760983
Cm/F,-28.210491,10.479784,-20.558268,-16.51821
Cm/F#,-10.464959,7.7495813,-8.251264,-12.659196
Cm/G,-37.116707,6.225235,3.3707025,-14.215365
Cm6,37.21798,-1.022262,7.806761,13.854461
Cm6/D,-38.717686,6.2912335,12.120615,-14.294106
Cm6/Eb,-24.182892,-20.392492,-4.532317,-13.519079
Cm7,45.873413,2.1840775,10.166928,15.0140705
Cm7-5,-16.790104,17.36962,-1.5934494,-10.0138645
Cm7/A#,-23.006174,-10.076399,0.09152028,-10.903235
Cm7/Bb,-35.241936,2.0781498,1.9470015,-14.277952
Cm7/D#,13.501038,-1.1116598,8.299203,6.509226
Cm7/Eb,-16.087854,-5.3982882,-2.000912,-12.476893
Cm7/F,-37.28191,12.672319,-12.1851425,-15.237919
Cm7add4,29.279873,5.9798737,2.0496986,13.889236
Cm7b5,6.827337,31.612982,-6.199605,-6.014175
Cm9,-11.7822275,-18.096628,21.44673,-6.7546325
Cma7,-25.254713,12.829456,-5.941891,-13.69623
Cmadd11,-25.929628,9.200718,-23.424202,-16.713816
Cmadd9,-25.523058,0.9485039,12.625605,-11.794008
Cmaj,-20.007244,9.08836,-11.543786,-12.777137
Cmaj13,22.845486,1.7886279,8.666544,13.278662
Cmaj7,24.680674,10.563599,-18.802229,9.360157
Cmaj7#11,-25.608599,-10.8457985,18.467112,-11.768691
Cmaj7/A,40.84817,-2.863238,-11.291662,12.526461
Cmaj7/B,-13.962478,-10.512716,10.846534,-9.502278
Cmaj7/E,15.480102,-6.6749187,15.863711,6.344036
Cmaj7/G,34.494473,-23.87853,-0.94999564,11.839757
Cmaj7/G#,20.590199,-11.916515,-6.6192646,9.444152
Cmaj9,14.140107,-7.558196,-25.818398,8.824249
Cmaj9/B,18.142162,4.8858957,4.717335,7.107374
Cmaj9/E,-41.686855,-9.596618,-11.762206,-16.044733
Cmmaj7,-22.992117,6.1718063,-4.5264316,-12.832155
Csus,30.040009,-7.1663175,-3.2203026,11.944533
Csus2,19.272516,-16.684072,-19.974222,10.01531
Csus2/A,-31.909182,-14.503104,13.719526,-11.0590315
Csus2/B,20.372662,-16.007584,-8.252217,9.686129
Csus2/Bb,-15.448128,-1.050919,-25.938734,-10.865094
Csus2/F#,-39.386528,12.412702,-3.7444162,-14.804695
Csus4,14.313849,-9.607517,11.528659,6.5646267
D,0.55802816,-9.435522,-9.832157,4.837211
D#,-2.4001417,11.911222,9.812468,-0.0129527785
D#(b5),-20.640083,11.54982,1.3236997,-12.422962
D#/G,-18.330118,-5.4302964,28.08536,-17.015781
D#5,2.5070238,9.803561,2.9787116,0.55580723
D#5/A#,-14.567446,2.1523118,-10.44584,-12.362916
D#7,-0.89458495,15.208672,-4.1802006,0.42139485
D#7/A#,-36.658573,-4.0484805,5.550183,-13.9121065
D#7/G#,-14.407292,-2.9096045,-10.156609,-12.359816
D#9,2.1955273,13.629179,-11.621934,1.1634179
D#M7,6.0716834,16.658363,-7.0141606,1.465734
D#aug,-22.271767,14.228676,1.9135131,-12.572681
D#dim,-3.1125314,-4.63117,-4.9352555,2.8060207
D#dim7,18.30937,12.616417,-13.135827,10.54926
D#m,-7.0336304,10.925985,2.1062946,-0.065221995
D#m/A#,-2.8192651,13.366893,3.3888123,0.257294
D#m/D,2.7804043,0.067638695,20.242805,5.992432
D#m7,-2.2954736,24.197111,11.613104,-1.3144414
D#m7-5,0.92941284,25.784649,10.243427,-1.4345337
D#m7/G#,-44.267662,13.981057,2.2490373,-12.633027
D#m7b5,-4.092637,7.2356563,-5.784769,0.70160156
D#maj7,-19.09311,-15.967298,18.274113,-10.691453
D#sus,-1.7562675,9.279752,0.1572605,0.6255113
D(4),-21.115492,-20.373253,4.571044,-11.439546
D(5),-11.859678,4.2395744,4.218812,-11.021479
D(7),-21.546625,2.7559261,17.948921,-11.793123
D(sus4),-35.893593,14.516603,19.03906,-16.744543
D+,-16.241337,-8.079669,-9.626142,-10.091945
D+5,9.668804,-15.917693,13.813052,4.864453
D/A,4.7286677,-3.3861623,-6.7993007,5.5354514
D/B,2.1214712,-24.338415,-11.5681505,7.5688667
D/Bb,-17.214655,5.977486,-7.5488596,-12.312115
D/C,3.3118937,-26.084435,-11.934123,7.557268
D/C#,-0.59033483,-18.296652,-6.0173364,4.9482284
D/D,-25.872599,-9.930652,11.7847595,-16.787292
D/E,-6.7535143,6.1626525,-2.9922993,0.4270553
D/F,-32.023758,-3.8070948,15.60042,-13.029695
D/F#,-1.7908033,-1.2231145,-14.077644,3.9963458
D/G,5.3375487,-0.7825823,-0.7669587,6.722746
D13,-14.736934,17.125689,2.6668313,-10.26096
D2,-1.1149641,-15.38578,0.56341463,3.5769372
D2/F#,-15.897644,-5.8586335,9.133426,-10.54769
D3,-4.7433023,-9.940141,1.3109497,3.23048
D4,14.134782,-22.70919,15.065342,9.862625
D5,5.6783185,-23.902483,19.263302,4.3434544
D5/A,5.950205,-1.8833827,15.1149645,6.1836643
D5/B,17.725182,-27.790184,5.3471265,10.37779
D5/C,-24.46768,1.9283494,-5.2400174,-9.015122
D5/G,-49.319588,3.343741,8.694326,-18.628162
D6,17.68163,21.200628,-9.242735,9.300511
D6/9,13.484368,-3.0719879,-17.683664,8.06812
D6/F#,12.418163,7.1380363,12.146074,6.331684
D6add11,21.894835,6.6640673,-19.340618,9.419095
D6add4,-25.274965,-13.583174,-13.066091,-11.600064
D6add9,-23.012562,-1.0445356,13.042231,-11.340502
D6add9/F#,-27.487669,4.6497355,-8.675537,-13.387245
D6sus2,-28.824451,1.5124683,27.751093,-13.397716
D7,27.069408,-2.694947,-18.76597,9.047
D7#5,-0.8586867,28.215517,5.81169,-1.4325178
D7#9,13.072632,-8.266182,-7.5911365,7.8650823
D7(b9),14.633612,-6.4206624,12.776081,6.310571
D7/A,0.79581916,-1.3939422,-4.0077915,3.007193
D7/C,-22.253748,12.534589,7.7390275,-11.955189
D7/F#,25.895042,1.760685,-4.415669,11.02423
D7/G,22.533497,-12.485489,-9.13838,9.952741
D7M,10.517539,5.0347,-2.1747315,6.2252636
D7b9,17.531603,-7.2397714,-20.548931,8.426484
D7sus,45.416916,-2.5295398,1.4222785,13.819893
D7sus2,34.15714,-7.96988,5.6141963,12.815307
D7sus4,29.72078,1.0829161,-16.257843,11.493926
D7sus4/A,5.9840426,-8.039757,-3.3780258,6.0413203
D7sus4/G,-39.920338,0.16024834,-4.062467,-14.921878
D9,19.254402,-29.370846,-7.3767385,9.698006
D9/F#,29.359554,-16.514904,2.6961617,11.493596
D9sus,17.69083,-5.891841,6.9699044,6.9950905
D9sus4,26.88464,-11.52905,12.155025,12.1487665
DM7,14.849307,15.049075,-3.0420516,1.4216609
DM9,-24.829346,8.29826,2.2752347,-10.557989
DM9/F#,-13.715357,8.542486,2.0417824,-11.25927
Dadd#11,-14.222963,-6.160066,11.910637,-10.174785
Dadd11,21.595875,-8.453179,-2.6140797,9.500799
Dadd2,-14.350747,22.825472,11.158204,-12.475087
Dadd2/E,-13.547856,-17.349699,-12.255206,-11.027258
Dadd4,24.692883,-9.540395,-3.3683927,9.950694
Dadd4/A,-36.14938,7.8648057,-7.514483,-14.846885
Dadd4/F#,-30.276272,22.067259,-1.8191066,-12.450145
Dadd4/G,5.4482203,-15.514914,11.460863,4.6879883
Dadd4add9,7.2097716,5.3678923,8.005556,6.236795
Dadd4add9/A,-15.648659,-12.7531185,1.1908313,-9.921916
Dadd9,-3.223723,-7.684962,11.628214,3.164638
Dadd9/F,31.989338,-12.998967,0.29454592,12.118066
Dadd9/F#,13.850597,-0.92575526,14.784469,6.1085944
Daddb6,-39.32535,6.0995045,-12.452083,-15.121293
Daug,32.764393,-2.8013904,5.602209,13.070129
Db,34.739212,12.378629,15.375332,15.989644
Db/Ab,34.32006,10.393189,11.277739,15.747878
Db/Bb,-33.442844,-7.795992,-1.975829,-14.272644
Db/C,-21.003948,-0.6214037,-16.453176,-16.48871
Db/Cb,-32.0663,17.671883,-6.3620124,-13.731638
Db/Eb,36.56841,14.941029,1.5322708,14.746166
Db/F,29.313068,11.170579,11.609857,15.898279
Db5,1.9082615,-6.141829,-28.898033,4.377926
Db6,34.788105,9.374207,-3.5136209,14.196212
Db7,20.815102,-16.776081,2.4901824,9.85056
Db7(b5),-6.5667567,5.586847,-15.813151,-11.479669
Db7-9,-17.12436,-6.4139647,3.9770544,-10.716559
Db9,38.13514,-2.9254856,-4.491265,13.515232
DbM7,-15.325806,1.1475438,20.70586,-12.102486
Dbadd9,32.77931,8.870441,13.984078,15.78766
Dbdim,35.64902,6.52693,11.766179,15.616242
Dbdim7,40.336918,-4.26603,-0.54858977,13.343274
Dbm,25.789768,16.62092,9.612728,16.285814
Dbm7,39.324585,4.2216797,18.039549,15.626917
Dbm9,-28.490194,14.908854,-1.0869263,-13.784459
Dbmaj13,-22.438337,-18.043642,-5.653953,-13.357497
Dbmaj7,43.467495,12.53048,12.898175,15.510764
Dbmaj7/C,36.125027,11.391717,7.088519,15.0719185
Dbmaj9,28.030003,22.23211,-1.7052243,14.814616
Ddim,31.3735,-3.7463188,20.576334,10.47168
Ddim/F,-27.788225,-13.274962,-6.487178,-12.837062
Ddim/F#,-18.308163,22.82062,-5.7517786,-12.152363
Ddim7,29.014603,7.393568,-3.9204416,14.753858
Dm,8.352807,-7.5145135,24.445591,6.6986766
Dm#5,-10.6901865,6.438305,-18.19282,-11.958488
Dm(maj7),-20.922598,6.9479775,8.764131,-11.664981
Dm/A,3.2119355,-8.119994,5.0878,5.093244
Dm/B,41.82491,-14.193908,-2.9285967,12.310095
Dm/Bb,0.62741977,-7.7017574,-4.227378,3.3484917
Dm/C,12.119832,-6.263968,22.556305,6.7619705
Dm/C#,-30.169973,-16.529669,16.644936,-11.35959
Dm/Db,-30.322882,22.176937,13.671184,-16.265831
Dm/F,39.692993,-11.40879,-10.93891,11.108022
Dm/F#,-24.231346,24.462797,4.3551645,-9.183823
Dm/G,-11.193555,15.886904,-6.2055964,-9.49765
Dm11,-29.278362,5.342092,-5.3219295,-13.567153
Dm6,25.186796,-1.0823932,22.031214,10.08539
Dm6/A,33.36427,-2.9813774,2.518984,13.158781
Dm7,28.411783,-12.860556,14.400199,12.344886
Dm7/A,7.062761,-6.837227,19.463314,6.5326467
Dm7/B,-21.068722,16.147507,-4.9615073,-13.194419
Dm7/C,31.199379,1.6967354,-2.4518995,12.354247
Dm7/F,23.003727,-14.14804,-1.0273718,10.301515
Dm7/G,32.25662,0.7214093,-9.860458,12.024307
Dm7add11,14.489939,-3.7455003,4.1738653,7.052607
Dm7add4,27.102135,-26.569536,9.628678,11.271355
Dm7b5,32.670826,16.238354,6.886965,15.693987
Dm9,26.312775,-15.4201355,5.209806,11.520914
DmM7,44.751453,-4.061113,-3.6184406,13.545766
Dmadd4,-30.179632,-7.2533317,-13.687785,-14.626679
Dmadd9,-17.232393,-1.3404691,20.099977,-12.339346
Dmadd9/A,6.2760673,-20.88057,12.526061,4.639615
Dmaj,32.026466,8.560474,-14.080834,11.007294
Dmaj13,17.860481,20.893251,13.639764,8.597473
Dmaj7,14.359704,12.2989025,-12.721599,2.1996758
Dmaj7#5,10.664493,6.7032747,-11.246301,2.414127
Dmaj7#5/B,-24.846107,6.624168,19.312778,-13.092209
Dmaj7/C#,5.0023475,-3.9782002,9.817263,5.7641706
Dmaj7/F#,6.207341,-19.390535,-3.7070975,8.221313
Dmaj7sus2,-2.0981903,-0.9359158,2.0179877,2.8708968
Dmaj9,14.513245,19.301718,-9.9943905,1.6586913
Dmaj9/F#,13.206005,16.433628,-21.100609,7.34967
Dmmaj7,21.216179,7.56698,-6.842632,6.754948
Dmmaj7/C#,35.953976,0.68033755,-1.5210879,13.351965
Do,-23.628479,-3.0423832,6.977985,-10.494161
Dsus,2.5023057,-10.345293,-17.488052,4.899808
Dsus/A,-40.58965,-4.898323,-5.191861,-14.642447
Dsus/F#,19.893955,-12.183683,-12.110931,9.022371
Dsus2,14.147203,21.369738,17.6051,8.403055
Dsus2/C,11.565966,-0.9450512,5.257539,6.5228777
Dsus2/C#,-22.805574,-4.511763,10.867233,-10.567421
Dsus2/E,-24.76586,3.7191002,-19.842218,-15.972265
Dsus2/F#,9.075813,-10.215534,-1.7034868,7.088604
Dsus4,8.884377,-19.038208,-14.757729,8.143708
Dsus4/A,9.182601,-7.1929464,-5.894091,7.1556687
Dsus4/B,-23.432375,7.9704094,-8.967854,-13.046644
Dsus4/C,-17.820765,-3.8166091,3.7529538,-10.806716
Dsus4/D,22.7947,-6.2741666,-8.67762,10.817335
Dsus4/F#,10.491631,-16.469652,-13.34589,8.119014
Dsus4/G,-17.34398,-0.0036770392,8.256345,-11.382205
E,-6.613808,-5.817651,-8.094752,2.5007482
E#(b5)/B,-42.73683,-1.048568,-9.259964,-14.776825
E#m,-34.249207,8.244985,6.692574,-13.36246
E(#9),30.396132,4.079545,-7.1513195,11.862624
E(b9),-29.786081,16.161928,-9.315274,-13.859485
E+,17.352318,5.7351575,10.033254,6.294867
E/A,-1.9216732,-9.03653,6.033878,3.1043293
E/B,-5.9932895,7.821848,3.345585,-0.01061123
E/Bb,-16.175764,1.1426402,-8.509599,-12.502635
E/C,19.223581,-12.236135,-3.9669385,8.967593
E/C#,-24.889547,-1.597846,-20.222733,-15.737916
E/D,10.289898,-13.391986,-7.3366065,8.001019
E/D#,-1.3926086,16.65036,4.002939,0.14134309
E/F#,-1.9962662,19.263083,-5.175681,0.051484294
E/G,8.071234,-5.5949354,0.90852785,6.6291776
E/G#,-3.8887718,-0.52213925,12.030058,2.3245766
E11,8.341589,9.017851,-10.417513,2.0159414
E2,-42.838524,-6.71554,8.985364,-15.180171
E4,-6.0348845,-15.999566,-0.13124545,3.5160122
E5,1.3260359,-24.093143,18.503407,4.223621
E5/B,-21.714993,-19.253477,-16.322723,-10.392572
E5/C#,-23.96256,0.4585267,-22.783014,-15.688842
E5/D,-21.015524,-5.82986,-3.835239,-11.10344
E6,10.172046,11.200389,-2.3764212,1.6012511
E6/9,-37.03512,-3.774479,16.296795,-15.942649
E6/G#,-33.03966,11.697929,-3.8876626,-15.205927
E6sus4,-40.18217,-0.8414282,11.2393265,-15.446128
E7,0.9894279,2.918949,-20.663654,6.6436024
E7#5,16.60099,-2.477833,2.1420834,7.199651
E7#9,5.413644,3.8042364,-5.841092,7.641709
E7(#5),-15.568556,0.8282202,9.476232,-11.529778
E7+,-31.265488,1.5905015,-12.228346,-14.587533
E7+9,-12.498804,-5.460068,14.552585,-9.714784
E7/A,4.236415,-20.327463,10.952214,4.596594
E7/B,34.489616,-11.852261,-13.843003,12.34646
E7/D,8.100072,17.508368,-9.24293,1.4604989
E7/G,-31.244724,3.7868116,20.551859,-13.57868
E7/G#,21.03897,-20.11664,-8.7264,9.861349
E7b5,16.733665,-6.4905577,-2.1015012,7.9892416
E7b9,1.9907668,-15.414866,19.434319,4.7133474
E7b9/G#,29.937086,-16.392578,-12.377035,11.122805
E7sus,14.380356,5.9790416,22.069538,6.068128
E7sus2,23.93711,2.76601,-15.395766,10.168089
E7sus4,8.506071,16.290766,-12.7025795,1.4578664
E7sus4/B,9.137766,-8.240859,-16.249176,7.877083
E7sus4/F#,-18.689726,0.5855245,-11.273653,-12.053556
E9,15.015897,26.768658,6.31645,1.9823431
E9/D,-2.370331,-11.738307,1.9678084,3.3676732
E9sus4,1.4326676,-18.49383,9.324672,4.5121775
EM,14.737647,0.5379305,5.5219073,6.683875
EM7,-2.2970517,14.97704,8.792362,0.049385354
Eadd13,-9.839528,-7.7987313,-0.3436243,2.986008
Eadd2,-6.849476,-9.061226,-13.975187,-3.2143278
Eadd9,-2.489085,-7.5231547,14.403517,3.1136892
Eaug,5.5255427,20.401335,-2.0940576,-0.36743823
Eb,28.23455,11.638124,16.140516,16.10607
Eb/A,20.86634,-8.39311,8.789381,8.164477
Eb/Bb,48.186237,2.3682997,-0.72767,14.214845
Eb/C,17.401299,-4.6734295,11.306627,6.299981
Eb/Cb,-20.778223,-4.4614124,25.606245,-16.860722
Eb/D,34.25005,5.277825,1.7371961,13.977672
Eb/F,38.741608,0.87358236,-3.7220714,13.631692
Eb/G,25.857117,8.698682,11.827553,16.287893
Eb5,3.1679158,-2.812611,-28.85256,4.353246
Eb6,44.345448,14.176122,7.752356,15.198041
Eb6/9,-23.781322,15.825026,-5.8401833,-13.367332
Eb7,43.18851,2.6941798,13.535803,15.301105
Eb7(b5),42.002354,1.1598455,5.809275,14.286344
Eb7(b9),31.204063,13.041087,8.604544,15.821882
Eb7b5,15.325927,-3.6918805,-9.565752,8.021427
Eb7b9,-31.420618,16.46792,12.066674,-15.927
Eb7sus4,-38.934254,-5.141476,13.372229,-15.587339
Eb9,40.972916,13.032587,4.849603,14.960545
EbM7,28.511375,-1.3067303,2.5464773,12.303795
EbM7/F,17.082155,4.4250417,13.788407,6.198633
EbM7/G,19.651173,0.47575474,-28.093464,10.8943205
Ebadd9,37.154278,2.3679993,1.5684131,13.897546
Ebadd9/G,28.004099,2.9382703,1.050371,13.198053
Ebaug,9.624652,-4.9727345,11.985057,6.10554
Ebdim,12.321306,-6.682116,-12.534069,8.314333
Ebdim7,17.433874,1.5199513,2.5902915,7.02315
Ebm,38.66096,8.886942,14.797561,15.753009
Ebm(maj7),-12.34266,-11.591599,13.946562,-9.016955
Ebm/Bb,-43.00997,11.781048,-9.619054,-15.095733
Ebm/C,-25.051422,-19.06536,9.991951,-11.167488
Ebm/Gb,-25.875072,-4.82318,18.084349,-11.382602
Ebm6,27.51097,-10.212026,1.2731425,11.542473
Ebm6/Bb,36.797497,4.839608,-1.9717789,13.813143
Ebm7,44.37027,7.1181436,14.387746,15.404916
Ebm7/Ab,-35.79889,10.768859,-16.921024,-15.959227
Ebm9,43.324974,9.005975,0.6703029,14.671104
EbmM7,28.569658,0.20068143,-13.28373,11.839291
Ebmadd9,-32.52784,-7.0187254,-7.738619,-15.203743
Ebmaj,37.57417,-2.3820288,2.678576,13.697503
Ebmaj7,42.56265,-3.9512184,9.806732,14.235871
Ebmmaj13,37.123287,-7.0288634,3.8758762,13.120973
Ebsus,30.10147,8.4302435,10.780869,15.729373
Ebsus2,-31.7393,0.40121993,-18.493364,-14.419113
Ebsus4,45.578064,7.768254,6.2598076,15.063401
Edim,7.178896,3.9824545,18.53246,5.984182
Edim7,32.317276,-5.2995596,-12.764798,12.2359915
Em,13.258465,7.0950193,-24.843481,5.6450424
Em#5,-11.691238,0.78142744,14.624779,-10.71155
Em(add9),1.0163132,-14.315588,-12.215281,5.2203507
Em(maj7),-23.936436,6.7107005,25.426834,-12.844237
Em+5,-41.77898,9.297373,-9.954364,-15.179322
Em/A,15.276536,-18.787249,-6.8756146,9.059066
Em/B,16.886387,-21.9437,-2.2912703,9.200531
Em/C,16.826708,13.224294,8.256737,7.0500956
Em/C#,8.221459,5.2670903,27.0611,8.227884
Em/D,18.942087,-5.5515146,-13.028487,10.2843
Em/D#,17.65599,15.847792,6.6275234,7.078921
Em/F,-39.680016,15.923976,10.525114,-15.087446
Em/F#,17.540443,-0.65943176,19.558899,6.767184
Em/G,21.128521,-17.661871,-14.191737,9.992805
Em/Gb,13.336773,-10.746975,-0.112174585,7.806178
Em11,-16.334208,23.777454,3.4225028,-9.564025
Em13/C#,-17.970549,3.9311762,4.252216,-11.256682
Em6,22.65902,-13.189218,-18.26979,10.697116
Em7,7.04023,-14.411442,-19.286816,8.174709
Em7-5,-30.498705,-5.1888456,13.644676,-12.537865
Em7/A,13.095191,-4.401414,-4.8592334,7.499772
Em7/B,5.257052,-16.001291,-0.21679984,5.317174
Em7/Bb,-28.363995,-10.33393,-5.937031,-13.02561
Em7/C#,21.206284,-1.8603137,-20.186834,9.263127
Em7/D,20.784346,14.34723,-5.2331877,6.8529406
Em7/F#,7.308814,0.5467824,9.636747,6.0629835
Em7/G,34.024403,-3.3511677,-7.013343,11.928418
Em7add11,10.211113,-4.081694,-2.202619,7.0101523
Em7b5,25.384876,-3.2011755,-9.130905,10.694133
Em7b5/A,17.21813,0.113907084,-11.185935,8.567391
Em9,19.287922,15.202284,-14.062302,10.389927
EmM7,-22.48283,-6.510966,-15.018755,-13.124643
EmMaj7,22.4814,-8.369591,-16.063395,9.896471
Emadd9,6.909554,-0.57793057,-12.611652,5.5123677
Emaj11,19.779806,0.06868896,-14.563467,9.586376
Emaj7,6.242282,25.392202,3.093602,-0.50154823
Emaj7/F,3.1973345,23.632471,-1.5624688,-0.34220427
Emaj7sus2/Gb,-40.26253,0.5798576,4.738732,-12.597906
Emmaj7,3.006632,-17.556717,-4.6512046,5.3440804
Emmaj7/D#,-26.2364,19.175013,3.1584785,-12.521386
Emmaj9,-35.14222,16.741695,0.42928633,-15.443418
Esus,11.404757,-9.821222,20.008213,7.1687164
Esus/B,9.030057,-7.26941,20.790495,6.683129
Esus2,19.542744,-12.479241,-0.6447356,9.056393
Esus2/D,30.399261,-8.81466,4.552343,12.244909
Esus4,3.173899,9.513346,10.932241,1.7839044
Esus4/D,-6.9383187,-7.7209144,2.3056912,3.0935998
Esus4/E,11.646058,8.85457,-21.373758,6.657749
F,24.381481,-19.592833,10.845314,11.194601
F#,-1.6835005,8.25595,5.763805,-0.06216263
F#/A,-22.222878,21.26882,-1.6900846,-12.475394
F#/A#,-4.8115654,10.428884,5.020943,0.04034759
F#/C#,-22.424181,-9.114213,12.781037,-11.712281
F#/D,7.5419674,-20.136639,15.974623,4.595087
F#/E,-0.2829404,12.414041,5.0408077,0.18094788
F#/G,13.251705,2.0854108,2.9821558,6.80291
F#/G#,-21.641582,-4.57792,4.468118,-10.433569
F#13,8.139565,21.155485,5.8644195,-0.59575987
F#4,-6.0611854,-5.3622484,0.32186964,2.9173107
F#5,-1.3065448,-24.83545,15.484268,4.151963
F#5/A,-37.62881,-10.726402,-4.316062,-14.840623
F#5/B,-50.931625,1.4044745,6.2957253,-18.633123
F#5/D,-49.25924,1.0942273,8.380975,-18.632128
F#6,2.7799733,14.857452,0.5595193,0.53264564
F#6/9,-30.192745,8.735113,-11.342385,-14.36452
F#7,6.8617024,8.309578,-6.0516386,1.6023334
F#7#5,23.367855,-8.900549,19.571054,10.204498
F#7#9,-37.30485,19.361975,-9.352422,-13.966026
F#7/C#,9.056729,-13.875369,-2.6777556,7.783031
F#7add11,-6.7736526,11.086174,7.330969,-0.10902111
F#7b5,43.58324,-2.4896054,-9.755262,12.70233
F#7sus,-16.37968,-27.485884,-0.08565121,-17.604046
F#7sus4,8.617097,9.63879,-13.7706175,2.3374143
F#9,8.568125,18.524652,3.6495388,1.1754515
F#9sus4,7.433014,2.5323942,2.030814,5.985725
F#M7,1.8986461,14.758033,20.65332,1.9099468
F#add#11,18.471384,0.13600302,12.099986,5.993949
F#add11,0.17649673,22.001492,-20.202682,-5.3757772
F#add11/E,-2.8257353,21.860546,-20.396626,-5.4690695
F#add11/G#,-19.697367,6.4352126,6.3372493,-11.59823
F#add9,6.33647,11.985504,0.6181138,1.7643192
F#aug,15.7347,-14.119979,0.5359872,7.903502
F#aug/E,15.996762,9.446962,6.5784907,6.8845444
F#dim,23.26749,-2.8550165,-5.0692267,10.825327
F#dim7,28.30093,-4.829134,13.844196,13.277382
F#dim7/A,26.432838,-6.3937573,10.014,12.366473
F#dim7/C,32.372387,8.805523,1.4178582,14.032344
F#dim7/Eb,31.710434,3.3792405,5.229934,14.08055
F#m,-4.9748464,0.59945565,-4.842061,2.583288
F#m/A,4.7417927,-4.0881224,-3.304683,5.6418614
F#m/C#,9.408017,-11.782908,2.0126379,7.245565
F#m/D,6.677941,-10.875561,6.5251484,6.5483856
F#m/D#,-15.95735,5.5951285,-17.384617,-12.443757
F#m/E,10.770882,1.1073655,-22.089184,7.2289524
F#m/F,-23.33281,18.52906,2.7561893,-12.5001135
F#m11,-0.52646905,6.6772494,17.921219,2.0529592
F#m11/C#,-27.21476,-22.627214,-7.6953163,-8.961928
F#m11/E,-7.199828,17.959068,0.52946687,0.22768188
F#m6,16.079044,21.878422,-4.5535803,1.8695886
F#m7,13.300991,23.884119,-4.7195783,1.7264367
F#m7#5,10.548718,5.152719,3.5766683,6.2508025
F#m7-5,13.04903,-14.756163,3.9103653,7.9622965
F#m7/A,8.491084,-1.4697292,1.8300655,6.5962124
F#m7/B,-3.0777607,14.679405,-7.32872,0.6857825
F#m7/E,0.66582525,10.786664,-8.254112,0.92041475
F#m7add11,3.5726051,10.432556,7.34841,0.819083
F#m7add11/E,-19.430006,12.615557,25.122553,-11.713424
F#m7b5,25.168783,-19.182602,-16.030537,10.479392
F#m7b5/C,-12.415947,-0.14694576,22.65365,-12.111011
F#m9,-24.982101,29.768929,-4.393698,-17.149494
F#madd6,11.224271,7.549789,7.2507825,6.21625
F#madd9,-37.92373,-5.6083236,-0.5808323,-14.87941
F#maj7,-2.6392856,26.863932,10.768069,-1.429964
F#maj7/B,-2.5035796,29.816202,6.2158556,-1.5782028
F#mmaj7/E#,-23.501122,23.171837,-11.034889,-14.163073
F#sus,10.5059395,4.2521734,-8.641817,5.4731
F#sus4,11.848122,15.567251,-4.008379,1.3191953
F(2),-21.489887,9.552011,15.371117,-12.394635
F(b5),9.533233,4.172624,10.891109,6.2909136
F-,-43.949875,-10.759209,-2.0144665,-14.875429
F/A,38.520317,-18.330044,4.6575365,12.762854
F/B,-24.680882,-10.591003,5.488856,-17.453398
F/Bb,6.854671,5.672601,12.935102,6.508829
F/C,40.77641,-16.017452,-5.4798903,12.1000805
F/D,2.2717135,10.045885,-29.509632,-3.8485193
F/E,12.1756525,-22.27624,0.6316099,8.751179
F/Eb,23.163137,-17.84037,13.540189,10.848872
F/G,35.601055,-15.010771,-9.887739,11.867058
F13,11.685163,-1.8966216,-7.6211615,7.586676
F2,27.767973,-25.796448,7.6861315,11.286255
F4,15.62108,-22.34198,16.9209,9.922968
F5,2.5244744,-7.4633417,-25.805996,4.368158
F6,37.69119,-8.887411,-1.2307096,12.886965
F6/9,-6.5693192,20.787619,22.10402,-7.560867
F6/C,28.41455,-5.2234755,6.513045,12.351883
F6/G,-44.70468,6.4358974,-12.494239,-15.392152
F6sus2,24.719477,-10.194595,-11.878989,10.118283
F7,39.75944,0.34105465,13.078069,15.299618
F7/A,30.47706,16.06452,-6.1512656,13.1672125
F7/C,-47.740196,5.1489906,-12.108555,-15.534693
F7/Eb,32.95728,-5.794857,9.6947975,13.004047
F7b9,18.908651,-1.7722952,-2.0883746,8.389078
F7sus,32.27162,0.06392815,1.7172785,13.21153
F7sus4,36.30053,3.018257,5.4560733,14.283963
F9,23.0369,-6.8466644,-20.989304,9.237414
F9/A,-22.050941,0.1171706,7.0634246,-11.064832
F9sus,-35.21002,7.22397,15.891242,-13.873838
F9sus4,-30.373177,14.318892,7.377935,-14.114236
FM7,23.89738,-21.19479,2.764464,10.901247
FM7/A,21.539356,1.402019,-28.306017,10.894025
Fadd#11,16.020008,-6.0828257,2.1747043,7.3711495
Fadd2,25.996765,9.158167,0.6397537,13.488713
Fadd9,36.33622,-6.213681,-8.894883,11.520546
Fadd9/A,12.67752,-7.61042,-0.052132383,7.567013
Faug,-3.4670708,7.429121,-8.895021,0.7470629
Fdim,21.770342,-27.71769,-6.0292625,10.070251
Fdim/A,34.851955,2.231179,-6.0148563,13.116308
Fdim7,-29.604055,17.822826,-12.826323,-13.6471615
Fm,31.333078,14.807703,13.099791,15.936663
Fm(maj7),36.84148,6.104891,-9.096668,13.291586
Fm/Ab,27.157984,-17.39552,-12.783156,10.752821
Fm/Bb,38.13581,15.4495125,-8.806047,17.050528
Fm/C,33.81549,4.3890343,15.389871,15.477739
Fm/Db,38.696373,14.806942,-6.732348,16.96548
Fm/Eb,45.261166,7.1354294,3.7530818,15.030405
Fm/F,-40.104496,-9.312608,-9.774008,-15.902412
Fm11,40.829144,3.1522028,-0.5360313,14.091569
Fm6,46.86471,-6.262821,6.6990404,13.992919
Fm6/Ab,-27.58939,-14.764202,-16.287962,-15.974703
Fm7,48.014275,-2.6487517,8.393736,14.573892
Fm7-5,-3.6591752,22.17571,8.263772,-1.120776
Fm7/Ab,25.091755,14.326216,3.2091815,13.619017
Fm7/Bb,-27.225351,9.880474,7.239816,-14.181969
Fm7/G#,-17.557047,-21.360823,8.898738,-11.371442
Fm7b5,3.2811558,16.432623,-4.7333546,0.8774787
Fm9,-10.036734,-18.74334,22.413126,-6.682991
Fma7,25.761152,-1.6795658,-0.69531584,11.87945
Fmadd9,-23.404617,2.2475622,1.5785617,-12.9568
Fmaj,-27.083073,15.114447,8.054812,-10.449516
Fmaj7,24.005114,-27.233675,-2.2958214,10.139989
Fmaj7#11,16.471653,0.82625085,9.624043,6.3492446
Fmaj7/A,23.096651,-9.874649,1.586555,10.286805
Fmaj7/C,26.473013,-20.608494,-6.2243576,10.542689
Fmaj7/G,31.751978,-14.460102,-12.46703,11.563513
Fmaj7b5,0.35056797,-5.151791,26.712317,5.332342
Fmaj7sus2,16.243387,-9.978934,-5.282731,8.504642
Fmaj9,33.13946,-9.429735,-6.162386,12.000915
Fmmaj7/Ab,-29.249184,-16.400717,-2.0494401,-13.331213
Fmmaj9,32.095547,0.1679029,-6.1726785,12.129102
Fsus,-16.15044,-3.922991,-13.0295315,-12.46246
Fsus2,28.88169,7.1498313,16.308987,16.24188
Fsus2/C,28.673779,-0.9551527,-5.8128724,11.463351
Fsus2/E,21.537449,6.5265145,-21.682499,9.429868
Fsus2/G,-15.540848,10.338839,20.368917,-10.885066
Fsus4,39.34229,4.7532387,14.434564,15.53063
G,7.6410127,-17.926548,-10.2021,7.3905106
G#,-4.224541,11.433317,12.11956,-0.0964494
G#/B#,-30.435057,20.54166,-5.523537,-13.119349
G#/C,-5.1051235,15.207429,0.016723266,0.36050218
G#/D#,-14.558424,-14.5345545,-13.01327,-11.211896
G#5,1.1727333,-21.635277,14.200298,4.2567053
G#7,11.664494,14.251961,1.9978286,1.3553602
G#7#5,-24.041935,-9.057177,17.789116,-11.643639
G#7/A,2.6759038,21.070791,-6.594709,0.62775457
G#7/D#,0.2472725,-2.4942267,7.2464375,3.1957183
G#7sus4,-5.9268713,20.647327,-1.4535372,-0.38241747
G#aug,9.767642,14.303534,-7.4873595,1.5533975
G#dim,1.6531396,10.943465,-2.6969514,0.49031785
G#dim7,19.200796,-16.553226,-3.2579231,9.068306
G#m,-4.880694,3.5914755,6.11828,-0.0074267406
G#m6,0.6343242,6.8832855,15.915385,2.1456053
G#m7,-0.20085168,24.800129,3.2473443,-0.8067786
G#m7-5,-22.571695,18.444891,5.7651944,-12.565851
G#m7b5,5.3073406,13.422119,-4.5835514,1.0826744
G#m9,-1.8651416,23.660223,-19.202497,-5.4250474
G#madd6,-3.1562827,-6.861116,1.08913,3.139025
G#maj7,-4.54399,30.702263,-9.975492,-4.613923
G#mmaj7,1.6240999,21.55693,2.4202185,-0.28880545
G#sus4,-2.4582846,-4.3410387,-1.8276491,2.9276547
G(m),-35.612934,-0.20268561,-15.135735,-14.670234
G(sus4),-15.421422,11.467314,12.382741,-10.124525
G+,-17.38439,-23.306547,-6.8928,-12.204521
G/A,10.1484375,2.073103,-15.64169,7.4580784
G/Ab,9.30037,12.484721,18.264957,5.7048783
G/B,16.822266,-12.624073,-16.63312,9.146011
G/Bb,-28.976452,-5.5467973,-0.41090673,-14.762721
G/C,26.477081,-17.65513,-0.45486173,11.139756
G/C#,0.54777133,-10.048437,-0.11426106,3.7106926
G/D,11.180167,-1.8645296,-22.803001,7.4116583
G/D#,-13.773505,-1.7595315,0.8931125,-10.313957
G/E,7.4230704,6.7925963,-21.325659,5.95742
G/F,33.603798,-15.851315,-4.940061,11.729699
G/F#,12.357391,-14.222774,-12.335111,8.081973
G/G,-42.85304,-0.56542355,-15.771691,-15.672458
G/G#,15.612358,-4.5855765,-15.929768,8.421196
G11,14.961957,-17.143562,-3.4054697,8.848785
G13,29.571753,-20.875278,-7.6175337,10.9170885
G2,11.880881,-10.25568,-17.430742,7.952734
G2/A,13.160018,2.5262606,10.083857,6.3092895
G3,-26.620184,0.17855677,-14.460639,-14.081441
G4,17.001085,-22.013275,18.895184,9.934823
G5,3.2291684,-28.232752,17.230692,4.2615743
G5/D,29.585001,7.90899,-11.180261,10.806379
G5/E,28.199991,8.41844,-12.972792,10.580905
G5/F,8.259089,-17.052092,10.925863,4.9975076
G5/F#,25.9639,9.234488,-15.647257,9.740422
G6,14.914434,18.66116,-21.009027,7.970845
G6#9,9.534988,-2.152812,8.548217,6.155741
G6/9,-8.496865,19.829765,22.424131,-7.5953765
G6/A,-1.1935809,-13.4759865,11.323336,4.2010756
G6/B,2.206589,-12.61823,-3.444169,4.9083705
G6/C,-13.169399,-16.27136,9.143329,-9.15339
G6/D,18.987167,-10.125055,4.5428777,8.7321
G6/F,-31.355387,2.9669232,-16.643896,-14.344669
G6/F#,23.96054,-18.58698,-4.797865,10.40166
G6add11,17.16629,-19.166922,-0.1137332,9.017745
G6add11/B,-21.902388,17.854216,12.176507,-13.296689
G6add4,16.343208,-13.459106,-3.6445575,8.709439
G6sus,-34.471497,17.941963,-7.6701035,-13.879669
G6sus2,17.264078,11.737939,16.04571,11.430122
G6sus4,-28.17236,5.0245385,0.7382069,-14.049035
G7,32.650898,-16.515366,9.940223,12.676406
G7#5,-41.033558,-4.2537613,16.319124,-16.225922
G7(#5),40.26438,4.7928567,3.7661324,14.386617
G7(b9),-31.302803,16.890131,6.419022,-15.2808
G7+5,25.432991,-14.26608,-7.723311,10.875242
G7+5/B,-3.281202,11.444862,-21.45926,-6.4763026
G7/B,41.294197,-8.965766,-7.085659,12.029465
G7/Bb,30.682545,7.831543,7.9364853,14.634733
G7/D,23.602844,-3.3463311,-13.155199,9.868266
G7/E,27.837702,-3.7118323,-5.3904614,11.2798
G7/F,5.5237455,-12.955702,-4.4273105,5.204649
G7b9,8.244124,0.43258303,5.7803416,6.2808423
G7sus,-17.981756,-25.894325,-1.0197463,-17.523266
G7sus4,29.599571,-12.753605,-17.06528,11.428656
G7sus4/D,-15.930604,-10.877546,-12.507733,-9.97239
G9,29.96382,-9.027318,8.991973,12.348317
G9#5,-31.939535,-12.242758,15.93547,-11.263052
G9/A,9.575147,14.382594,-0.8680191,1.4122761
G9/B,-29.626827,5.3698435,9.000899,-13.71764
GM,-14.15755,13.962814,14.060895,-10.0316
GM7,10.435853,-12.351717,8.204054,7.6075087
GM7/F#,14.249837,-3.4249647,-0.501862,7.3463507
GM9,-29.667828,17.90377,13.4844,-16.064812
Gadd#11,9.726004,-10.578132,-9.900355,7.8851156
Gadd11,28.602789,5.0348415,18.920198,16.489073
Gadd11/A,-31.532503,-1.7722646,-4.994307,-13.757783
Gadd11/C,27.140306,0.668835,-8.589527,10.925919
Gadd2,12.544887,4.2890205,16.90149,-3.1868122
Gadd4,11.706025,-19.278135,-0.7117968,8.53988
Gadd9,4.87303,-3.0205,-15.036198,5.361825
Gadd9/E,-27.049934,1.2874916,5.087351,-13.223234
Gaug,5.862522,-22.455585,-4.66305,8.3855505
Gb,35.068436,10.071654,18.211624,16.017216
Gb/Ab,44.67423,-1.5917124,7.814906,14.57444
Gb/Bb,-31.338482,1.2835718,-20.907255,-14.674806
Gb/Db,38.910397,9.584994,2.2858078,14.897242
Gb5,1.212036,-4.1864557,-27.172401,4.357365
Gb7,41.659286,5.971438,11.819439,15.329269
Gb9,39.724815,6.6447854,8.010093,14.778249
GbM7,-11.900843,-20.353664,-10.753742,-11.340259
GbM9,33.63579,8.201978,7.466479,14.79249
Gbadd9,-23.802025,15.32507,-14.434229,-11.893337
Gbaug,23.502178,-4.9256105,11.539763,12.320965
Gbdim,19.455278,-14.225717,8.167349,9.12095
Gbdim7,21.707863,-14.204433,7.439023,9.240019
Gbm,26.649315,13.967161,10.157997,16.260197
Gbm7,40.86382,-1.6891038,5.1779246,13.966865
Gbm9,-45.11777,4.330463,-1.4729061,-14.749793
Gbmaj11,26.299559,23.231215,-3.0653157,14.778455
Gbmaj7,47.411,10.447424,3.284898,15.068004
Gdim,10.778216,-1.7463474,19.478487,6.088842
Gdim7,20.472355,6.9918513,6.7031693,7.002846
Gm,23.421799,6.5241895,14.107003,16.564943
Gm/A,21.582718,7.784557,23.220968,13.132299
Gm/Bb,15.826611,-16.984007,-15.675288,9.281317
Gm/C,-26.807703,11.162261,15.784399,-12.861709
Gm/D,-20.323639,-11.411235,-23.740606,-13.690958
Gm/F,-23.818953,2.5856292,4.176643,-12.927443
Gm11,19.926825,10.577588,-12.645074,10.868466
Gm6,22.246311,4.6224494,-9.584672,9.585389
Gm6/A,-33.218052,12.762498,-18.973064,-16.432096
Gm6/Bb,29.824316,-6.0291595,0.91368574,12.056518
Gm6/C#,25.43256,-7.605174,2.7224321,11.929019
Gm6/D,-18.544195,-18.159058,-19.200563,-10.384675
Gm7,41.71649,-5.9128637,4.420175,13.766263
Gm7/B,14.026615,-10.383523,4.0637193,7.700611
Gm7/Bb,-20.427483,-15.03284,-2.3243358,-12.081711
Gm7/C,29.77133,10.220257,5.6737013,15.242114
Gm7/D,-23.769732,5.2952914,-16.965006,-15.598614
Gm7/F,-16.006105,2.353361,-19.580853,-11.657803
Gm7add11,-21.48183,-13.177492,10.581905,-11.857611
Gm7b5,45.316883,6.494568,-4.428666,14.460711
Gm9,35.52702,-4.210698,-1.520256,12.767953
GmMaj7,-40.35374,10.400396,-2.202444,-14.770188
Gmadd11,11.428305,-15.329661,-0.75910217,8.056918
Gmaj,15.452905,20.212753,15.088166,8.449108
Gmaj13,9.526933,0.3600448,-9.775616,7.670337
Gmaj7,13.651227,6.4389553,-14.365563,9.142666
Gmaj7#11,1.0244026,-7.8321424,1.6516523,3.7590094
Gmaj7/A,4.6000547,18.145864,-10.816717,1.1748565
Gmaj7/B,7.2580996,-13.178919,-14.0160885,7.8847585
Gmaj7/C,16.38516,4.7957315,-15.285564,9.4139185
Gmaj7/D,5.815996,-2.83592,6.083639,5.8781986
Gmaj7/F#,11.949078,-8.10968,-3.0804431,7.466461
Gmaj7add13,-17.224823,17.951588,-9.715598,-12.728743
Gmaj7sus,5.1355214,-13.131913,13.798341,4.687333
Gmaj9,13.14309,5.992959,18.954374,-3.171274
Gmaj9/F#,13.325127,-0.97658366,1.9512821,6.961551
Gmmaj7,3.511262,12.796461,-16.174013,9.102007
Gsus,33.827705,-8.596278,12.908425,12.646518
Gsus/C,-17.994474,21.052162,4.290803,-10.234529
Gsus2,0.23555261,-16.4534,-14.36441,5.1845994
Gsus2/A,-2.94832,-11.831421,-1.4480917,3.3475826
Gsus2/B,10.729853,-0.009534275,-0.5741121,6.824442
Gsus2/C,18.206146,-0.6392251,-7.158788,8.336458
Gsus4,14.992669,-23.653479,-4.9674234,9.544622
Gsus4/A,14.597135,3.5509827,6.927916,6.5988827
H,-1.4818017,14.058538,0.028072532,0.38153896
Hm,-8.245046,-10.905082,1.8534173,3.1306732
